"MSE","r2","MAPE"
0.207964134757239,0.328971536264788,Inf
0.256166562872802,0.17343894251033,Inf
0.199931691045778,0.354889458939445,Inf
0.196744733573435,0.365172670413153,Inf
